Number,Email Text,Email Type,Phishing,Reasoning,Confidence
0,"re : 6 . 1100 , disc : uniformitarianism , re : 1086 ; sex / lang dick hudson 's observations on us use of 's on ' but not 'd aughter ' as a vocative are very thought-provoking , but i am not sure that it is fair to attribute this to "" sons "" being "" treated like senior relatives "" . for one thing , we do n't normally use ' brother ' in this way any more than we do 'd aughter ' , and it is hard to imagine a natural class comprising senior relatives and 's on ' but excluding ' brother ' . for ano",Safe Email,no,"The email content appears to be a discussion or academic exchange regarding linguistic observations, specifically about the use of certain familial terms as vocatives in language. There are no typical phishing indicators such as urgent requests for personal information, suspicious links, or prompts to click on anything. The content lacks common phishing tactics like impersonation of authority, threats, or promises of rewards. It seems to be a genuine, albeit niche, conversation or correspondence about a specific topic in linguistics. However, the fragmented nature of the text and lack of clear context or sender information could raise minor suspicion, but it does not align with standard phishing patterns.",10
1,"the other side of * galicismos * * galicismo * is a spanish term which names the improper introduction of french words which are spanish sounding and thus very deceptive to the ear . * galicismo * is often considered to be a * barbarismo * . what would be the term which designates the opposite phenomenon , that is unlawful words of spanish origin which may have crept into french ? can someone provide examples ? thank you joseph m kozono < kozonoj @ gunet . georgetown . edu >",Safe Email,no,"The email content appears to be a genuine inquiry about linguistic phenomena, specifically regarding the term for Spanish words improperly introduced into French, similar to 'galicismo' in Spanish. There are no typical phishing indicators such as urgent requests for personal information, suspicious links, or prompts to click on anything. The sender's email address seems to be from a legitimate educational institution (Georgetown University), and the tone and content are consistent with an academic or intellectual discussion. However, caution is still advised as email addresses can be spoofed, and the context of the email's receipt (e.g., whether it was expected or unsolicited) could affect the assessment.",20
2,"re : equistar deal tickets are you still available to assist robert with entering the new deal tickets for equistar ? after talking with bryan hull and anita luong , kyle and i decided we only need 1 additional sale ticket and 1 additional buyback ticket set up . - - - - - - - - - - - - - - - - - - - - - - forwarded by tina valadez / hou / ect on 04 / 06 / 2000 12 : 56 pm - - - - - - - - - - - - - - - - - - - - - - - - - - - from : robert e lloyd on 04 / 06 / 2000 12 : 40 pm to : tina valadez / ",Safe Email,no,"The email content appears to be a legitimate internal communication regarding business operations, specifically about deal tickets for a company named Equistar. It includes specific names (Robert, Bryan Hull, Anita Luong, Kyle, Tina Valadez) and details about the task (entering new deal tickets, needing only 1 additional sale ticket and 1 buyback ticket). There are no overt signs of phishing such as urgent requests for sensitive information, suspicious links, or generic greetings. The email also includes a forwarded message with timestamps and internal formatting consistent with corporate email systems (e.g., 'forwarded by' and 'to' fields). However, caution is still advised as phishing emails can sometimes mimic internal communications. Without additional context like the sender's email address or attachments, it is not definitive, but the content itself does not strongly suggest phishing.",20
3,"Hello I am your hot lil horny toy.
    I am the one you dream About,
    I am a very open minded person,
    Love to talk about and any subject.
    Fantasy is my way of life, 
    Ultimate in sex play.     Ummmmmmmmmmmmmm
     I am Wet and ready for you.     It is not your looks but your imagination that matters most,
     With My sexy voice I can make your dream come true...
  
     Hurry Up! call me let me Cummmmm for you..........................
TOLL-FREE:             1-877-451-TE",Phishing Email,yes,"The email content exhibits several characteristics of a phishing attempt or scam. It uses explicit language and sexual content to lure the recipient into taking action, which is a common tactic in phishing emails to exploit emotional responses. The inclusion of a toll-free number (1-877-451-TE) suggests an attempt to get the recipient to call, potentially leading to financial scams, personal information theft, or other fraudulent activities. Additionally, the email lacks personalization, proper formatting, and a legitimate sender context, which are red flags for phishing. There is no clear legitimate purpose or branding that aligns with a trustworthy source.",90
